ID,TARGET
0000.jpg,BRRI67
0001.jpg,KIRMIZI
0002.jpg,BINADHAN7
0003.jpg,BD72
0004.jpg,DIMNIT
0005.jpg,SIIRT
0006.jpg,KARACADAG
0007.jpg,IPSALA
0008.jpg,BUZGULU
0009.jpg,ALA_IDRIS
0010.jpg,AK
0011.jpg,BASMATI
0012.jpg,NAZLI
0013.jpg,NAZLI
0014.png,KARACADAG
0015.jpg,KARACADAG
0016.jpg,IPSALA
0017.png,BRRI67
0018.jpg,BD72
0019.jpg,BD72
0020.jpg,ARBORIO
0021.jpg,SIIRT
0022.jpg,NAZLI
0023.png,ALA_IDRIS
0024.jpg,BINADHAN25
0025.jpg,BD95
0026.jpg,BUZGULU
0027.jpg,IPSALA
0028.jpg,SIIRT
0029.jpg,DIMNIT
0030.jpg,BASMATI
0031.jpg,BD30
0032.jpg,BR22
0033.jpg,BD72
0034.jpg,ARBORIO
0035.jpg,BINADHAN7
0036.jpg,BRRI67
0037.jpg,BINADHAN16
0038.jpg,JASMINE
0039.jpg,ALA_IDRIS
0040.jpg,BD95
0041.jpg,BASMATI
0042.jpg,BUZGULU
0043.png,IPSALA
0044.jpg,BR22
0045.jpg,AK
0046.jpg,SIIRT
0047.jpg,JASMINE
0048.jpg,BD30
0049.jpg,BINADHAN25
0050.jpg,NAZLI
0051.jpg,SIIRT
0052.jpg,SIIRT
0053.jpg,NAZLI
0054.jpg,BINADHAN25
0055.jpg,BUZGULU
0056.jpg,KIRMIZI
0057.jpg,KIRMIZI
0058.jpg,ALA_IDRIS
0059.jpg,ARBORIO
0060.jpg,BUZGULU
0061.jpg,JASMINE
0062.jpg,ALA_IDRIS
0063.jpg,BINADHAN7
0064.jpg,IPSALA
0065.jpg,KIRMIZI
0066.jpg,BR22
0067.jpg,ALA_IDRIS
0068.jpg,IPSALA
0069.jpg,BD95
0070.jpg,BD30
0071.jpg,ALA_IDRIS
0072.jpg,BD95
0073.jpg,ALA_IDRIS
0074.jpg,NAZLI
0075.jpg,BRRI67
0076.jpg,BUZGULU
0077.jpg,BR22
0078.jpg,BD95
0079.png,ARBORIO
0080.jpg,SIIRT
0081.jpg,ALA_IDRIS
0082.jpg,SIIRT
0083.jpg,BD72
0084.jpg,BR22
0085.jpg,ALA_IDRIS
0086.jpg,BRRI67
0087.jpg,KARACADAG
0088.jpg,BD30
0089.jpg,NAZLI
0090.jpg,BUZGULU
0091.jpg,ALA_IDRIS
0092.jpg,ALA_IDRIS
0093.jpg,ALA_IDRIS
0094.jpg,BRRI67
0095.jpg,BINADHAN25
0096.jpg,BD72
0097.jpg,BD30
0098.jpg,BINADHAN25
0099.jpg,SIIRT
0100.jpg,ARBORIO
0101.jpg,BD95
0102.jpg,BUZGULU
0103.jpg,AK
0104.jpg,NAZLI
0105.jpg,BR22
0106.jpg,BRRI67
0107.jpg,BASMATI
0108.jpg,DIMNIT
0109.jpg,BD30
0110.jpg,BRRI67
0111.jpg,KARACADAG
0112.jpg,BASMATI
0113.jpg,AK
0114.jpg,BINADHAN16
0115.jpg,BASMATI
0116.jpg,AK
0117.jpg,AK
0118.jpg,BINADHAN7
0119.jpg,NAZLI
0120.jpg,BINADHAN7
0121.jpg,NAZLI
0122.jpg,BINADHAN25
0123.jpg,IPSALA
0124.jpg,IPSALA
0125.jpg,BD72
0126.jpg,BR22
0127.jpg,AK
0128.jpg,BD72
0129.jpg,BD95
0130.jpg,BD95
0131.jpg,JASMINE
0132.jpg,SIIRT
0133.jpg,BUZGULU
0134.jpg,ALA_IDRIS
0135.png,JASMINE
0136.jpg,BINADHAN7
0137.jpg,IPSALA
0138.jpg,BINADHAN25
0139.jpg,KARACADAG
0140.jpg,AK
0141.jpg,BRRI67
0142.jpg,AK
0143.jpg,NAZLI
0144.jpg,IPSALA
0145.jpg,BUZGULU
0146.jpg,KARACADAG
0147.jpg,BD95
0148.jpg,BR22
0149.jpg,NAZLI
0150.jpg,DIMNIT
0151.jpg,ARBORIO
0152.jpg,JASMINE
0153.jpg,ARBORIO
0154.jpg,BINADHAN25
0155.jpg,BUZGULU
0156.jpg,BD30
0157.jpg,BUZGULU
0158.jpg,IPSALA
0159.png,BR22
0160.jpg,ALA_IDRIS
0161.jpg,SIIRT
0162.jpg,SIIRT
0163.jpg,BR22
0164.jpg,KARACADAG
0165.jpg,KIRMIZI
0166.jpg,BR22
0167.jpg,JASMINE
0168.png,BASMATI
0169.jpg,BINADHAN16
0170.jpg,BINADHAN7
0171.jpg,BASMATI
0172.jpg,BINADHAN25
0173.jpg,BRRI67
0174.jpg,BASMATI
0175.jpg,ARBORIO
0176.jpg,BINADHAN25
0177.jpg,KARACADAG
0178.jpg,BASMATI
0179.jpg,JASMINE
0180.jpg,KARACADAG
0181.jpg,BASMATI
0182.jpg,KARACADAG
0183.jpg,KIRMIZI
0184.jpg,ALA_IDRIS
0185.jpg,BINADHAN16
0186.jpg,JASMINE
0187.jpg,DIMNIT
0188.jpg,ARBORIO
0189.jpg,BD95
0190.jpg,BUZGULU
0191.jpg,ALA_IDRIS
0192.jpg,KIRMIZI
0193.jpg,BD30
0194.jpg,AK
0195.jpg,KIRMIZI
0196.png,BASMATI
0197.jpg,JASMINE
0198.jpg,BR22
0199.jpg,BD95
0200.jpg,ARBORIO
0201.jpg,IPSALA
0202.png,BD95
0203.jpg,KARACADAG
0204.jpg,BD30
0205.jpg,IPSALA
0206.jpg,BUZGULU
0207.jpg,BASMATI
0208.jpg,ALA_IDRIS
0209.jpg,BR22
0210.jpg,BINADHAN25
0211.jpg,BR22
0212.jpg,BD30
0213.jpg,NAZLI
0214.jpg,DIMNIT
0215.jpg,BINADHAN25
0216.jpg,ALA_IDRIS
0217.jpg,BRRI67
0218.jpg,JASMINE
0219.jpg,KIRMIZI
0220.jpg,DIMNIT
0221.jpg,BR22
0222.jpg,BINADHAN7
0223.jpg,BINADHAN16
0224.jpg,ARBORIO
0225.png,BRRI67
0226.jpg,BASMATI
0227.jpg,BD72
0228.jpg,AK
0229.jpg,BINADHAN16
0230.png,DIMNIT
0231.jpg,BINADHAN25
0232.jpg,BUZGULU
0233.jpg,BINADHAN25
0234.jpg,IPSALA
0235.jpg,JASMINE
0236.jpg,JASMINE
0237.jpg,ARBORIO
0238.jpg,BINADHAN7
0239.jpg,BD72
0240.jpg,IPSALA
0241.jpg,BD72
0242.jpg,DIMNIT
0243.jpg,KIRMIZI
0244.jpg,BD95
0245.jpg,JASMINE
0246.jpg,AK
0247.jpg,ALA_IDRIS
0248.jpg,ARBORIO
0249.jpg,BD30
0250.jpg,AK
0251.jpg,JASMINE
0252.jpg,BD72
0253.jpg,BRRI67
0254.jpg,BINADHAN25
0255.jpg,SIIRT
0256.jpg,BINADHAN7
0257.jpg,KIRMIZI
0258.jpg,BINADHAN7
0259.jpg,BINADHAN25
0260.jpg,BD30
0261.jpg,NAZLI
0262.jpg,BR22
0263.jpg,ARBORIO
0264.jpg,SIIRT
0265.jpg,ALA_IDRIS
0266.jpg,BD30
0267.jpg,BINADHAN16
0268.jpg,IPSALA
0269.jpg,SIIRT
0270.jpg,ARBORIO
0271.jpg,BD72
0272.jpg,BRRI67
0273.jpg,BD30
0274.jpg,ALA_IDRIS
0275.jpg,BINADHAN25
0276.png,ARBORIO
0277.jpg,BD95
0278.jpg,DIMNIT
0279.jpg,BINADHAN7
0280.jpg,BINADHAN7
0281.jpg,KIRMIZI
0282.jpg,IPSALA
0283.jpg,AK
0284.jpg,BD95
0285.jpg,BD72
0286.jpg,BINADHAN16
0287.png,AK
0288.png,JASMINE
0289.jpg,BINADHAN25
0290.jpg,BD95
0291.jpg,BINADHAN25
0292.jpg,KIRMIZI
0293.png,BINADHAN7
0294.jpg,BINADHAN7
0295.jpg,AK
0296.jpg,BD30
0297.jpg,ALA_IDRIS
0298.jpg,AK
0299.jpg,IPSALA
0300.jpg,BUZGULU
0301.png,KARACADAG
0302.jpg,BD95
0303.jpg,JASMINE
0304.jpg,BD95
0305.jpg,IPSALA
0306.jpg,ARBORIO
0307.jpg,ARBORIO
0308.jpg,JASMINE
0309.jpg,BD95
0310.jpg,BD72
0311.jpg,ARBORIO
0312.jpg,BINADHAN25
0313.jpg,IPSALA
0314.jpg,KIRMIZI
0315.jpg,KARACADAG
0316.jpg,AK
0317.jpg,KARACADAG
0318.jpg,KARACADAG
0319.jpg,BD72
0320.jpg,BR22
0321.jpg,ALA_IDRIS
0322.jpg,KARACADAG
0323.jpg,DIMNIT
0324.jpg,DIMNIT
0325.jpg,BINADHAN7
0326.jpg,BD30
0327.jpg,BD30
0328.jpg,BD30
0329.jpg,BINADHAN16
0330.jpg,AK
0331.jpg,JASMINE
0332.jpg,BD95
0333.jpg,DIMNIT
0334.png,BD72
0335.jpg,IPSALA
0336.jpg,BINADHAN7
0337.jpg,NAZLI
0338.jpg,BD72
0339.jpg,IPSALA
0340.jpg,BD30
0341.jpg,BD95
0342.jpg,KIRMIZI
0343.jpg,IPSALA
0344.jpg,BD95
0345.jpg,BINADHAN16
0346.jpg,BR22
0347.jpg,ALA_IDRIS
0348.jpg,BUZGULU
0349.jpg,BRRI67
0350.jpg,BD30
0351.jpg,DIMNIT
0352.png,BD95
0353.jpg,JASMINE
0354.jpg,KARACADAG
0355.png,IPSALA
0356.jpg,NAZLI
0357.jpg,BINADHAN7
0358.jpg,ALA_IDRIS
0359.jpg,BRRI67
0360.jpg,BRRI67
0361.jpg,BUZGULU
0362.jpg,BR22
0363.png,BR22
0364.jpg,BUZGULU
0365.jpg,ARBORIO
0366.jpg,BUZGULU
0367.jpg,BD72
0368.jpg,BD95
0369.jpg,JASMINE
0370.jpg,BASMATI
0371.jpg,AK
0372.jpg,KARACADAG
0373.jpg,BD72
0374.jpg,BR22
0375.jpg,IPSALA
0376.jpg,BINADHAN25
0377.png,JASMINE
0378.jpg,SIIRT
0379.jpg,JASMINE
0380.jpg,BD30
0381.jpg,BR22
0382.jpg,BD30
0383.jpg,BASMATI
0384.jpg,ARBORIO
0385.jpg,ARBORIO
0386.jpg,BUZGULU
0387.png,BRRI67
0388.jpg,NAZLI
0389.jpg,JASMINE
0390.jpg,NAZLI
0391.jpg,ALA_IDRIS
0392.jpg,BINADHAN7
0393.jpg,KIRMIZI
0394.jpg,BUZGULU
0395.jpg,DIMNIT
0396.jpg,BINADHAN25
0397.jpg,JASMINE
0398.jpg,KARACADAG
0399.jpg,BUZGULU
0400.jpg,ARBORIO
0401.jpg,BR22
0402.jpg,BRRI67
0403.jpg,BASMATI
0404.jpg,BD72
0405.jpg,BINADHAN16
0406.jpg,BASMATI
0407.jpg,KARACADAG
0408.png,SIIRT
0409.jpg,BD72
0410.jpg,ARBORIO
0411.jpg,BINADHAN25
0412.jpg,DIMNIT
0413.jpg,SIIRT
0414.jpg,BD72
0415.jpg,BD72
0416.png,BRRI67
0417.jpg,BD95
0418.jpg,BUZGULU
0419.jpg,BRRI67
0420.jpg,SIIRT
0421.jpg,BUZGULU
0422.jpg,ALA_IDRIS
0423.jpg,BD95
0424.jpg,BD30
0425.jpg,SIIRT
0426.jpg,BD95
0427.jpg,BINADHAN7
0428.jpg,ALA_IDRIS
0429.jpg,BD72
0430.jpg,BASMATI
0431.jpg,BR22
0432.jpg,BASMATI
0433.jpg,JASMINE
0434.jpg,ALA_IDRIS
0435.jpg,JASMINE
0436.jpg,ALA_IDRIS
0437.jpg,BINADHAN16
0438.jpg,BD72
0439.jpg,BR22
0440.jpg,KARACADAG
0441.jpg,BRRI67
0442.jpg,BD95
0443.jpg,NAZLI
0444.jpg,BUZGULU
0445.png,BD72
0446.jpg,ALA_IDRIS
0447.jpg,KARACADAG
0448.jpg,KARACADAG
0449.jpg,BASMATI
0450.jpg,NAZLI
0451.png,JASMINE
0452.jpg,BD30
0453.jpg,NAZLI
0454.jpg,JASMINE
0455.jpg,BD95
0456.jpg,BD30
0457.jpg,BRRI67
0458.jpg,BASMATI
0459.jpg,BASMATI
0460.jpg,BINADHAN7
0461.jpg,IPSALA
0462.jpg,BR22
0463.jpg,BD72
0464.jpg,KARACADAG
0465.jpg,KIRMIZI
0466.jpg,BD30
0467.jpg,BINADHAN25
0468.jpg,BASMATI
0469.jpg,JASMINE
0470.jpg,AK
0471.jpg,IPSALA
0472.jpg,SIIRT
0473.jpg,ALA_IDRIS
0474.jpg,BD72
0475.jpg,ALA_IDRIS
0476.png,BASMATI
0477.jpg,BR22
0478.jpg,BINADHAN7
0479.jpg,BR22
0480.jpg,AK
0481.jpg,DIMNIT
0482.jpg,SIIRT
0483.jpg,BASMATI
0484.jpg,BASMATI
0485.jpg,BD95
0486.jpg,AK
0487.jpg,SIIRT
0488.jpg,BR22
0489.jpg,BD95
0490.jpg,SIIRT
0491.jpg,JASMINE
0492.jpg,BD30
0493.png,ARBORIO
0494.jpg,BD95
0495.jpg,BUZGULU
0496.jpg,BASMATI
0497.jpg,ARBORIO
0498.jpg,BD95
0499.png,KARACADAG
0500.jpg,ARBORIO
0501.jpg,NAZLI
0502.jpg,BD72
0503.jpg,BINADHAN25
0504.jpg,SIIRT
0505.jpg,BD72
0506.jpg,BINADHAN25
0507.jpg,NAZLI
0508.jpg,NAZLI
0509.jpg,BD30
0510.jpg,NAZLI
0511.jpg,IPSALA
0512.png,JASMINE
0513.jpg,IPSALA
0514.jpg,BD30
0515.jpg,BR22
0516.jpg,KARACADAG
0517.jpg,BINADHAN16
0518.jpg,BUZGULU
0519.jpg,AK
0520.jpg,BRRI67
0521.jpg,BUZGULU
0522.jpg,NAZLI
0523.jpg,ARBORIO
0524.png,ALA_IDRIS
0525.png,BASMATI
0526.jpg,BR22
0527.jpg,BR22
0528.jpg,BASMATI
0529.jpg,SIIRT
0530.jpg,NAZLI
0531.jpg,IPSALA
0532.jpg,KARACADAG
0533.jpg,BD72
0534.jpg,KIRMIZI
0535.jpg,BD72
0536.jpg,BINADHAN16
0537.jpg,BUZGULU
0538.jpg,KARACADAG
0539.jpg,SIIRT
0540.jpg,BD95
0541.jpg,BR22
0542.jpg,DIMNIT
0543.jpg,BD95
0544.jpg,JASMINE
0545.jpg,BD95
0546.jpg,DIMNIT
0547.jpg,KARACADAG
0548.jpg,BD95
0549.jpg,BINADHAN7
0550.jpg,KIRMIZI
0551.jpg,ARBORIO
0552.jpg,BD72
0553.jpg,BASMATI
0554.png,BASMATI
0555.png,BINADHAN25
0556.jpg,BRRI67
0557.jpg,BD30
0558.jpg,BASMATI
0559.jpg,SIIRT
0560.png,KIRMIZI
0561.jpg,ARBORIO
0562.jpg,BD95
0563.jpg,BD95
0564.jpg,BD30
0565.jpg,IPSALA
0566.jpg,AK
0567.jpg,BASMATI
0568.jpg,BD72
0569.jpg,BINADHAN25
0570.jpg,BASMATI
0571.jpg,KIRMIZI
0572.jpg,AK
0573.jpg,BINADHAN7
0574.jpg,SIIRT
0575.jpg,BUZGULU
0576.jpg,DIMNIT
0577.jpg,IPSALA
0578.jpg,ALA_IDRIS
0579.jpg,ALA_IDRIS
0580.jpg,SIIRT
0581.jpg,BD72
0582.jpg,BD72
0583.jpg,BASMATI
0584.jpg,BINADHAN25
0585.jpg,BD30
0586.jpg,BD30
0587.jpg,IPSALA
0588.jpg,ARBORIO
0589.jpg,KIRMIZI
0590.jpg,BD72
0591.jpg,BD95
0592.jpg,KIRMIZI
0593.jpg,KARACADAG
0594.jpg,ALA_IDRIS
0595.jpg,NAZLI
0596.jpg,BD72
0597.jpg,BR22
0598.jpg,BD30
0599.jpg,BUZGULU
0600.jpg,NAZLI
0601.jpg,BASMATI
0602.jpg,IPSALA
0603.jpg,BINADHAN16
0604.jpg,BUZGULU
0605.jpg,BR22
0606.jpg,DIMNIT
0607.jpg,ALA_IDRIS
0608.jpg,ARBORIO
0609.jpg,BD72
0610.jpg,BR22
0611.jpg,ALA_IDRIS
0612.jpg,NAZLI
0613.jpg,KARACADAG
0614.jpg,ARBORIO
0615.jpg,BR22
0616.jpg,KIRMIZI
0617.jpg,AK
0618.jpg,BINADHAN16
0619.jpg,KARACADAG
0620.jpg,ARBORIO
0621.jpg,AK
0622.jpg,BINADHAN16
0623.jpg,JASMINE
0624.jpg,NAZLI
0625.png,NAZLI
0626.jpg,DIMNIT
0627.jpg,BINADHAN16
0628.jpg,BUZGULU
0629.png,BASMATI
0630.jpg,DIMNIT
0631.jpg,AK
0632.jpg,KIRMIZI
0633.jpg,SIIRT
0634.jpg,BD30
0635.jpg,DIMNIT
0636.jpg,ALA_IDRIS
0637.jpg,BD30
0638.jpg,BASMATI
0639.jpg,IPSALA
0640.jpg,JASMINE
0641.png,NAZLI
0642.jpg,BINADHAN7
0643.png,DIMNIT
0644.jpg,ARBORIO
0645.jpg,KIRMIZI
0646.jpg,BINADHAN16
0647.jpg,KIRMIZI
0648.jpg,BINADHAN7
0649.jpg,NAZLI
0650.jpg,BINADHAN7
0651.jpg,BR22
0652.jpg,NAZLI
0653.jpg,BASMATI
0654.jpg,BUZGULU
0655.jpg,BD95
0656.jpg,KIRMIZI
0657.jpg,BRRI67
0658.jpg,SIIRT
0659.jpg,AK
0660.jpg,DIMNIT
0661.jpg,BINADHAN16
0662.jpg,BINADHAN16
0663.jpg,BD30
0664.jpg,SIIRT
0665.jpg,BINADHAN7
0666.jpg,ARBORIO
0667.jpg,BASMATI
0668.jpg,JASMINE
0669.jpg,NAZLI
0670.jpg,KIRMIZI
0671.jpg,KIRMIZI
0672.jpg,KIRMIZI
0673.jpg,BASMATI
0674.png,IPSALA
0675.jpg,BD72
0676.jpg,BINADHAN25
0677.jpg,BD30
0678.jpg,NAZLI
0679.jpg,JASMINE
0680.png,BINADHAN7
0681.jpg,BD72
0682.jpg,BINADHAN16
0683.jpg,BINADHAN7
0684.jpg,DIMNIT
0685.jpg,DIMNIT
0686.jpg,BINADHAN7
0687.jpg,KIRMIZI
0688.jpg,BASMATI
0689.jpg,KARACADAG
0690.png,BRRI67
0691.jpg,IPSALA
0692.jpg,BD95
0693.jpg,BUZGULU
0694.jpg,BD30
0695.jpg,BINADHAN25
0696.jpg,DIMNIT
0697.jpg,BINADHAN16
0698.jpg,DIMNIT
0699.jpg,BR22
0700.jpg,KARACADAG
0701.jpg,ALA_IDRIS
0702.jpg,KARACADAG
0703.jpg,BR22
0704.jpg,NAZLI
0705.jpg,JASMINE
0706.jpg,BR22
0707.jpg,BINADHAN25
0708.jpg,BR22
0709.jpg,KARACADAG
0710.jpg,BINADHAN7
0711.jpg,DIMNIT
0712.jpg,BD95
0713.jpg,ARBORIO
0714.jpg,NAZLI
0715.jpg,BINADHAN16
0716.png,ALA_IDRIS
0717.jpg,BD30
0718.jpg,BRRI67
0719.jpg,BINADHAN7
0720.jpg,BUZGULU
0721.jpg,SIIRT
0722.jpg,BD95
0723.jpg,BR22
0724.jpg,ARBORIO
0725.jpg,BD30
0726.jpg,ALA_IDRIS
0727.jpg,ALA_IDRIS
0728.jpg,KIRMIZI
0729.jpg,BRRI67
0730.jpg,BINADHAN7
0731.jpg,ALA_IDRIS
0732.jpg,AK
0733.jpg,DIMNIT
0734.jpg,BD30
0735.png,BINADHAN16
0736.jpg,ALA_IDRIS
0737.jpg,SIIRT
0738.jpg,BUZGULU
0739.jpg,KARACADAG
0740.jpg,JASMINE
0741.jpg,ARBORIO
0742.jpg,BD30
0743.jpg,BINADHAN16
0744.jpg,BR22
0745.jpg,BUZGULU
0746.png,NAZLI
0747.jpg,KARACADAG
0748.jpg,BASMATI
0749.jpg,NAZLI
0750.jpg,BD30
0751.jpg,NAZLI
0752.jpg,IPSALA
0753.jpg,KARACADAG
0754.jpg,JASMINE
0755.jpg,BR22
0756.png,BINADHAN16
0757.jpg,KIRMIZI
0758.jpg,BD30
0759.jpg,AK
0760.png,BINADHAN16
0761.jpg,AK
0762.jpg,BINADHAN7
0763.png,BINADHAN25
0764.jpg,BINADHAN16
0765.jpg,BRRI67
0766.jpg,BINADHAN16
0767.jpg,JASMINE
0768.jpg,BASMATI
0769.jpg,BASMATI
0770.jpg,BD72
0771.png,BD95
0772.png,BUZGULU
0773.jpg,IPSALA
0774.jpg,BINADHAN7
0775.jpg,DIMNIT
0776.png,BR22
0777.jpg,KARACADAG
0778.jpg,SIIRT
0779.jpg,KARACADAG
0780.jpg,BD95
0781.jpg,KARACADAG
0782.jpg,IPSALA
0783.jpg,IPSALA
0784.jpg,KIRMIZI
0785.jpg,NAZLI
0786.jpg,BD95
0787.jpg,JASMINE
0788.jpg,BD30
0789.jpg,IPSALA
0790.jpg,BINADHAN16
0791.jpg,BR22
0792.jpg,JASMINE
0793.jpg,BR22
0794.jpg,DIMNIT
0795.jpg,IPSALA
0796.jpg,BUZGULU
0797.jpg,NAZLI
0798.jpg,BINADHAN7
0799.jpg,IPSALA
0800.jpg,KIRMIZI
0801.jpg,BR22
0802.jpg,KIRMIZI
0803.jpg,BINADHAN16
0804.jpg,ALA_IDRIS
0805.jpg,BASMATI
0806.jpg,BUZGULU
0807.jpg,DIMNIT
0808.jpg,IPSALA
0809.jpg,DIMNIT
0810.jpg,ARBORIO
0811.png,BD30
0812.jpg,BD72
0813.jpg,AK
0814.jpg,BASMATI
0815.jpg,BASMATI
0816.jpg,DIMNIT
0817.jpg,IPSALA
0818.png,ALA_IDRIS
0819.jpg,KIRMIZI
0820.jpg,BASMATI
0821.jpg,ARBORIO
0822.jpg,JASMINE
0823.jpg,IPSALA
0824.jpg,KIRMIZI
0825.jpg,ARBORIO
0826.jpg,BD72
0827.jpg,KARACADAG
0828.jpg,BD95
0829.jpg,BINADHAN25
0830.jpg,KIRMIZI
0831.jpg,IPSALA
0832.jpg,BRRI67
0833.jpg,BINADHAN25
0834.jpg,BINADHAN25
0835.jpg,BUZGULU
0836.jpg,JASMINE
0837.jpg,BINADHAN7
0838.jpg,JASMINE
0839.jpg,BR22
0840.jpg,BUZGULU
0841.jpg,KIRMIZI
0842.jpg,BINADHAN16
0843.jpg,BD30
0844.jpg,SIIRT
0845.jpg,KIRMIZI
0846.jpg,ALA_IDRIS
0847.jpg,ARBORIO
0848.jpg,ARBORIO
0849.png,KARACADAG
0850.jpg,BR22
0851.jpg,BRRI67
0852.jpg,JASMINE
0853.jpg,IPSALA
0854.jpg,SIIRT
0855.jpg,BINADHAN7
0856.jpg,BD95
0857.jpg,IPSALA
0858.jpg,IPSALA
0859.jpg,IPSALA
0860.jpg,BASMATI
0861.png,BUZGULU
0862.jpg,BINADHAN7
0863.jpg,KIRMIZI
0864.jpg,KARACADAG
0865.jpg,NAZLI
0866.jpg,BRRI67
0867.jpg,IPSALA
0868.jpg,DIMNIT
0869.jpg,BD95
0870.jpg,BUZGULU
0871.jpg,BINADHAN7
0872.jpg,SIIRT
0873.jpg,BD30
0874.jpg,BD95
0875.jpg,SIIRT
0876.jpg,SIIRT
0877.jpg,KARACADAG
0878.jpg,BINADHAN7
0879.jpg,JASMINE
0880.jpg,ARBORIO
0881.jpg,BUZGULU
0882.jpg,JASMINE
0883.jpg,BINADHAN16
0884.jpg,KARACADAG
0885.jpg,ARBORIO
0886.jpg,KARACADAG
0887.jpg,BINADHAN25
0888.jpg,BINADHAN25
0889.jpg,DIMNIT
0890.jpg,BRRI67
0891.jpg,JASMINE
0892.png,DIMNIT
0893.jpg,KARACADAG
0894.png,ALA_IDRIS
0895.jpg,BD30
0896.jpg,BASMATI
0897.png,DIMNIT
0898.jpg,BINADHAN16
0899.jpg,ARBORIO
0900.jpg,BINADHAN25
0901.jpg,ALA_IDRIS
0902.jpg,ALA_IDRIS
0903.jpg,BD30
0904.jpg,KARACADAG
0905.jpg,BINADHAN25
0906.jpg,BD72
0907.jpg,BR22
0908.jpg,ARBORIO
0909.png,BD30
0910.jpg,DIMNIT
0911.jpg,BD30
0912.jpg,BINADHAN16
0913.jpg,BUZGULU
0914.jpg,KIRMIZI
0915.jpg,BINADHAN16
0916.jpg,SIIRT
0917.jpg,BINADHAN16
0918.jpg,DIMNIT
0919.jpg,BINADHAN16
0920.jpg,BD30
0921.jpg,KARACADAG
0922.jpg,BR22
0923.jpg,BRRI67
0924.jpg,NAZLI
0925.jpg,BD95
0926.jpg,BINADHAN25
0927.jpg,BR22
0928.jpg,DIMNIT
0929.jpg,BD72
0930.jpg,BD72
0931.jpg,BUZGULU
0932.jpg,BD95
0933.jpg,JASMINE
0934.jpg,BINADHAN25
0935.jpg,AK
0936.jpg,BD95
0937.jpg,BINADHAN25
0938.jpg,BUZGULU
0939.jpg,SIIRT
0940.jpg,BR22
0941.jpg,SIIRT
0942.jpg,BUZGULU
0943.jpg,BRRI67
0944.jpg,BUZGULU
0945.jpg,NAZLI
0946.jpg,BASMATI
0947.jpg,BASMATI
0948.jpg,BD72
0949.jpg,BINADHAN7
0950.jpg,ALA_IDRIS
0951.jpg,AK
0952.jpg,BINADHAN25
0953.jpg,BD72
0954.jpg,KIRMIZI
0955.jpg,BD72
0956.jpg,ALA_IDRIS
0957.jpg,NAZLI
0958.jpg,BRRI67
0959.jpg,ALA_IDRIS
0960.jpg,AK
0961.jpg,BR22
0962.png,KARACADAG
0963.jpg,AK
0964.jpg,NAZLI
0965.jpg,BD95
0966.jpg,BINADHAN25
0967.jpg,KIRMIZI
0968.jpg,BD30
0969.jpg,BINADHAN25
0970.jpg,KIRMIZI
0971.jpg,BASMATI
0972.jpg,JASMINE
0973.jpg,BUZGULU
0974.jpg,BASMATI
0975.jpg,BINADHAN16
0976.jpg,KARACADAG
0977.jpg,IPSALA
0978.jpg,SIIRT
0979.jpg,BRRI67
0980.jpg,JASMINE
0981.jpg,BD72
0982.jpg,BASMATI
0983.jpg,BD72
0984.jpg,AK
0985.jpg,BR22
0986.jpg,NAZLI
0987.jpg,KIRMIZI
0988.jpg,BINADHAN7
0989.jpg,BRRI67
0990.jpg,BASMATI
0991.jpg,BUZGULU
0992.jpg,IPSALA
0993.jpg,DIMNIT
0994.jpg,BINADHAN16
0995.jpg,BD30
0996.jpg,NAZLI
0997.jpg,BR22
0998.jpg,AK
0999.jpg,BINADHAN16
1000.jpg,BD95
1001.jpg,BUZGULU
1002.jpg,BINADHAN7
1003.jpg,BR22
1004.jpg,DIMNIT
1005.jpg,BASMATI
1006.jpg,BD95
1007.jpg,BD95
1008.jpg,BD30
1009.jpg,BINADHAN16
1010.jpg,BD72
1011.jpg,BD30
1012.jpg,KARACADAG
1013.jpg,BINADHAN25
1014.jpg,AK
1015.png,IPSALA
1016.jpg,BASMATI
1017.jpg,BUZGULU
1018.jpg,BD30
1019.jpg,SIIRT
1020.jpg,BD72
1021.jpg,JASMINE
1022.jpg,ARBORIO
1023.jpg,DIMNIT
1024.jpg,BINADHAN25
1025.jpg,BASMATI
1026.jpg,KIRMIZI
1027.jpg,BD30
1028.png,BD30
1029.jpg,JASMINE
1030.jpg,KIRMIZI
1031.jpg,ALA_IDRIS
1032.jpg,ALA_IDRIS
1033.jpg,BD95
1034.jpg,BASMATI
1035.jpg,NAZLI
1036.jpg,BRRI67
1037.jpg,ALA_IDRIS
1038.jpg,BD95
1039.jpg,AK
1040.jpg,BASMATI
1041.png,JASMINE
1042.jpg,BINADHAN25
1043.jpg,BRRI67
1044.jpg,BD72
1045.jpg,BR22
1046.png,BD30
1047.jpg,BINADHAN25
1048.jpg,SIIRT
1049.jpg,NAZLI
1050.jpg,ARBORIO
1051.jpg,BR22
1052.jpg,KIRMIZI
1053.jpg,BINADHAN25
1054.jpg,BINADHAN16
1055.jpg,BINADHAN25
1056.jpg,AK
1057.jpg,ALA_IDRIS
1058.jpg,BINADHAN25
1059.jpg,BD72
1060.jpg,BUZGULU
1061.jpg,BRRI67
1062.jpg,ARBORIO
1063.jpg,BINADHAN25
1064.jpg,BUZGULU
1065.jpg,BD95
1066.jpg,BINADHAN25
1067.jpg,SIIRT
1068.jpg,BINADHAN16
1069.jpg,BASMATI
1070.jpg,SIIRT
1071.jpg,BASMATI
1072.jpg,ARBORIO
1073.jpg,NAZLI
1074.jpg,JASMINE
1075.jpg,BD30
1076.jpg,BINADHAN7
1077.jpg,BD72
1078.jpg,BINADHAN16
1079.jpg,KARACADAG
1080.jpg,BRRI67
1081.jpg,ARBORIO
1082.jpg,DIMNIT
1083.jpg,ALA_IDRIS
1084.jpg,BD30
1085.jpg,BINADHAN16
1086.jpg,BINADHAN25
1087.jpg,DIMNIT
1088.jpg,IPSALA
1089.jpg,SIIRT
1090.jpg,KARACADAG
1091.jpg,JASMINE
1092.jpg,SIIRT
1093.jpg,BINADHAN16
1094.jpg,BD95
1095.jpg,BR22
1096.jpg,IPSALA
1097.jpg,KARACADAG
1098.jpg,IPSALA
1099.jpg,SIIRT
1100.jpg,BD95
1101.jpg,JASMINE
1102.jpg,KIRMIZI
1103.jpg,KARACADAG
1104.jpg,BINADHAN16
1105.jpg,BRRI67
1106.jpg,KARACADAG
1107.png,NAZLI
1108.jpg,NAZLI
1109.jpg,BD95
1110.jpg,BRRI67
1111.jpg,BINADHAN16
1112.jpg,KARACADAG
1113.jpg,BRRI67
1114.jpg,DIMNIT
1115.png,BD30
1116.jpg,BR22
1117.jpg,DIMNIT
1118.jpg,DIMNIT
1119.png,BUZGULU
1120.jpg,BD30
1121.jpg,DIMNIT
1122.jpg,BD30
1123.jpg,NAZLI
1124.jpg,NAZLI
1125.jpg,BUZGULU
1126.jpg,BINADHAN16
1127.jpg,ALA_IDRIS
1128.jpg,BINADHAN25
1129.jpg,KIRMIZI
1130.jpg,AK
1131.jpg,BD30
1132.jpg,BINADHAN16
1133.jpg,BUZGULU
1134.jpg,ARBORIO
1135.jpg,SIIRT
1136.jpg,JASMINE
1137.jpg,KARACADAG
1138.jpg,IPSALA
1139.jpg,SIIRT
1140.jpg,DIMNIT
1141.png,AK
1142.jpg,DIMNIT
1143.jpg,ALA_IDRIS
1144.jpg,SIIRT
1145.jpg,NAZLI
1146.jpg,BUZGULU
1147.jpg,SIIRT
1148.jpg,BINADHAN16
1149.jpg,NAZLI
1150.jpg,AK
1151.jpg,BRRI67
1152.jpg,DIMNIT
1153.jpg,BINADHAN25
1154.jpg,BRRI67
1155.jpg,KARACADAG
1156.jpg,BD72
1157.jpg,BD72
1158.jpg,KIRMIZI
1159.jpg,BASMATI
1160.png,BUZGULU
1161.jpg,BD95
1162.jpg,IPSALA
1163.jpg,KARACADAG
1164.jpg,BINADHAN7
1165.jpg,SIIRT
1166.jpg,DIMNIT
1167.jpg,SIIRT
1168.jpg,BINADHAN25
1169.jpg,ARBORIO
1170.jpg,KARACADAG
1171.jpg,ARBORIO
1172.jpg,BD95
1173.jpg,SIIRT
1174.jpg,JASMINE
1175.jpg,BD72
1176.jpg,KARACADAG
1177.png,AK
1178.jpg,BD30
1179.jpg,BASMATI
1180.jpg,DIMNIT
1181.jpg,BRRI67
1182.jpg,NAZLI
1183.jpg,DIMNIT
1184.jpg,BASMATI
1185.jpg,AK
1186.jpg,BASMATI
1187.jpg,BR22
1188.png,BD30
1189.jpg,KIRMIZI
1190.jpg,DIMNIT
1191.jpg,DIMNIT
1192.jpg,JASMINE
1193.jpg,BRRI67
1194.png,BD95
1195.jpg,BR22
1196.jpg,BD30
1197.jpg,BASMATI
1198.jpg,KIRMIZI
1199.jpg,BINADHAN7
1200.jpg,IPSALA
1201.jpg,BASMATI
1202.jpg,BINADHAN16
1203.jpg,KIRMIZI
1204.jpg,BINADHAN7
1205.jpg,BASMATI
1206.jpg,BINADHAN25
1207.jpg,SIIRT
1208.jpg,KARACADAG
1209.jpg,BRRI67
1210.jpg,NAZLI
1211.jpg,NAZLI
1212.jpg,ARBORIO
1213.jpg,DIMNIT
1214.jpg,SIIRT
1215.jpg,NAZLI
1216.png,KIRMIZI
1217.jpg,BD72
1218.jpg,BASMATI
1219.jpg,BINADHAN7
1220.jpg,AK
1221.jpg,BD30
1222.jpg,KARACADAG
1223.jpg,JASMINE
1224.jpg,BD72
1225.jpg,BD30
1226.jpg,KARACADAG
1227.jpg,BINADHAN16
1228.jpg,JASMINE
1229.jpg,AK
1230.jpg,BUZGULU
1231.jpg,BD72
1232.jpg,JASMINE
1233.jpg,IPSALA
1234.jpg,ALA_IDRIS
1235.jpg,AK
1236.jpg,ARBORIO
1237.jpg,BINADHAN25
1238.jpg,BRRI67
1239.jpg,ALA_IDRIS
1240.jpg,ARBORIO
1241.jpg,IPSALA
1242.jpg,BRRI67
1243.jpg,IPSALA
1244.png,BINADHAN25
1245.jpg,BINADHAN7
1246.jpg,NAZLI
1247.jpg,KARACADAG
1248.jpg,BINADHAN7
1249.jpg,BD95
1250.jpg,JASMINE
1251.jpg,BD72
1252.jpg,BASMATI
1253.jpg,BD95
1254.jpg,BINADHAN7
1255.jpg,BRRI67
1256.jpg,BRRI67
1257.jpg,BINADHAN7
1258.jpg,KARACADAG
1259.jpg,ARBORIO
1260.jpg,SIIRT
1261.jpg,BR22
1262.jpg,KARACADAG
1263.png,ARBORIO
1264.jpg,NAZLI
1265.jpg,ARBORIO
1266.jpg,KIRMIZI
1267.jpg,JASMINE
1268.jpg,NAZLI
1269.jpg,JASMINE
1270.jpg,NAZLI
1271.jpg,ARBORIO
1272.jpg,KIRMIZI
1273.jpg,NAZLI
1274.jpg,BINADHAN7
1275.jpg,BINADHAN25
1276.jpg,BR22
1277.jpg,ALA_IDRIS
1278.jpg,BRRI67
1279.jpg,BRRI67
1280.jpg,BINADHAN25
1281.jpg,KIRMIZI
1282.jpg,AK
1283.jpg,JASMINE
1284.jpg,BUZGULU
1285.jpg,BR22
1286.jpg,NAZLI
1287.jpg,BUZGULU
1288.jpg,BINADHAN7
1289.jpg,IPSALA
1290.jpg,ARBORIO
1291.jpg,ARBORIO
1292.jpg,BD30
1293.jpg,DIMNIT
1294.jpg,BINADHAN16
1295.jpg,SIIRT
1296.jpg,BASMATI
1297.jpg,BASMATI
1298.jpg,BD72
1299.jpg,ALA_IDRIS
1300.png,BINADHAN7
1301.jpg,BR22
1302.jpg,BUZGULU
1303.jpg,BINADHAN16
1304.jpg,BD30
1305.jpg,AK
1306.jpg,DIMNIT
1307.jpg,BINADHAN16
1308.jpg,KIRMIZI
1309.jpg,BINADHAN25
1310.jpg,ARBORIO
1311.jpg,JASMINE
1312.jpg,BRRI67
1313.jpg,BINADHAN7
1314.png,IPSALA
1315.jpg,KIRMIZI
1316.jpg,BASMATI
1317.png,NAZLI
1318.jpg,BRRI67
1319.jpg,KARACADAG
1320.jpg,BINADHAN25
1321.jpg,KIRMIZI
1322.jpg,BINADHAN16
1323.jpg,BD30
1324.jpg,BINADHAN7
1325.jpg,BUZGULU
1326.jpg,BD72
1327.png,BD72
1328.jpg,AK
1329.jpg,BUZGULU
1330.jpg,IPSALA
1331.jpg,BD95
1332.jpg,ALA_IDRIS
1333.jpg,BINADHAN7
1334.jpg,SIIRT
1335.jpg,ALA_IDRIS
1336.jpg,BUZGULU
1337.jpg,SIIRT
1338.jpg,BD95
1339.jpg,BD72
1340.jpg,BINADHAN16
1341.jpg,BR22
1342.jpg,IPSALA
1343.jpg,BINADHAN16
1344.png,SIIRT
1345.jpg,IPSALA
1346.jpg,ALA_IDRIS
1347.jpg,BRRI67
1348.jpg,ARBORIO
1349.jpg,KIRMIZI
1350.png,IPSALA
1351.jpg,BASMATI
1352.jpg,BINADHAN16
1353.jpg,BD95
1354.jpg,BR22
1355.jpg,BASMATI
1356.jpg,BUZGULU
1357.jpg,KARACADAG
1358.jpg,BD72
1359.jpg,BINADHAN16
1360.jpg,KARACADAG
1361.jpg,DIMNIT
1362.jpg,NAZLI
1363.jpg,BRRI67
1364.jpg,JASMINE
1365.jpg,DIMNIT
1366.jpg,IPSALA
1367.jpg,KIRMIZI
1368.jpg,NAZLI
1369.jpg,BINADHAN25
1370.jpg,JASMINE
1371.jpg,IPSALA
1372.jpg,IPSALA
1373.jpg,KIRMIZI
1374.jpg,SIIRT
1375.jpg,KIRMIZI
1376.jpg,AK
1377.jpg,JASMINE
1378.jpg,BD72
1379.jpg,DIMNIT
1380.jpg,BINADHAN7
1381.jpg,NAZLI
1382.jpg,KIRMIZI
1383.jpg,BASMATI
1384.jpg,BRRI67
1385.jpg,BRRI67
1386.jpg,BD72
1387.jpg,IPSALA
1388.jpg,IPSALA
1389.jpg,BINADHAN7
1390.jpg,SIIRT
1391.jpg,ARBORIO
1392.png,SIIRT
1393.jpg,BASMATI
1394.jpg,BD30
1395.jpg,ALA_IDRIS
1396.jpg,SIIRT
1397.jpg,BINADHAN16
1398.jpg,ARBORIO
1399.jpg,BR22
1400.jpg,BD95
1401.jpg,BINADHAN16
1402.jpg,BINADHAN7
1403.jpg,BASMATI
1404.jpg,SIIRT
1405.jpg,BASMATI
1406.jpg,BD95
1407.jpg,BD95
1408.jpg,BASMATI
1409.jpg,JASMINE
1410.jpg,KARACADAG
1411.jpg,BINADHAN25
1412.jpg,KIRMIZI
1413.jpg,NAZLI
1414.jpg,BINADHAN7
1415.png,BASMATI
1416.jpg,KIRMIZI
1417.jpg,BD72
1418.jpg,BRRI67
1419.jpg,JASMINE
1420.jpg,ALA_IDRIS
1421.jpg,AK
1422.jpg,SIIRT
1423.jpg,KARACADAG
1424.jpg,BINADHAN7
1425.jpg,BINADHAN16
1426.jpg,ALA_IDRIS
1427.jpg,BINADHAN25
1428.jpg,ALA_IDRIS
1429.jpg,BD95
1430.png,BD72
1431.jpg,BINADHAN7
1432.jpg,ARBORIO
1433.jpg,BD72
1434.jpg,BINADHAN25
1435.jpg,BRRI67
1436.jpg,AK
1437.jpg,BUZGULU
1438.jpg,KARACADAG
1439.jpg,AK
1440.jpg,ARBORIO
1441.jpg,KARACADAG
1442.jpg,BR22
1443.jpg,BD72
1444.jpg,ARBORIO
1445.png,JASMINE
1446.jpg,BRRI67
1447.jpg,KIRMIZI
1448.jpg,ALA_IDRIS
1449.png,BINADHAN7
1450.jpg,BD30
1451.jpg,BD72
1452.jpg,BD30
1453.jpg,BD72
1454.jpg,BINADHAN16
1455.png,AK
1456.jpg,BUZGULU
1457.jpg,NAZLI
1458.jpg,KARACADAG
1459.jpg,BINADHAN25
1460.jpg,DIMNIT
1461.png,BINADHAN25
1462.jpg,BASMATI
1463.jpg,BASMATI
1464.jpg,BRRI67
1465.jpg,KARACADAG
1466.jpg,JASMINE
1467.jpg,AK
1468.jpg,BINADHAN16
1469.jpg,BD30
1470.jpg,BINADHAN16
1471.jpg,BD30
1472.jpg,BRRI67
1473.jpg,BD72
1474.jpg,AK
1475.jpg,KARACADAG
1476.png,SIIRT
1477.jpg,BINADHAN7
1478.jpg,ARBORIO
1479.jpg,BRRI67
1480.jpg,NAZLI
1481.jpg,IPSALA
1482.jpg,BINADHAN25
1483.jpg,NAZLI
1484.jpg,BINADHAN7
1485.jpg,KIRMIZI
1486.jpg,BD30
1487.jpg,KIRMIZI
1488.jpg,BINADHAN16
1489.jpg,BUZGULU
1490.jpg,DIMNIT
1491.jpg,KARACADAG
1492.jpg,BUZGULU
1493.jpg,ALA_IDRIS
1494.jpg,BRRI67
1495.jpg,BINADHAN16
1496.jpg,JASMINE
1497.jpg,DIMNIT
1498.jpg,BD95
1499.png,BASMATI
1500.jpg,BD30
1501.jpg,BD30
1502.jpg,BASMATI
1503.jpg,BD72
1504.jpg,DIMNIT
1505.jpg,IPSALA
1506.jpg,DIMNIT
1507.jpg,SIIRT
1508.jpg,BD95
1509.jpg,IPSALA
1510.jpg,BASMATI
1511.jpg,IPSALA
1512.jpg,NAZLI
1513.jpg,BINADHAN25
1514.png,BR22
1515.jpg,BR22
1516.jpg,KARACADAG
1517.jpg,BUZGULU
1518.jpg,ALA_IDRIS
1519.jpg,JASMINE
1520.jpg,ALA_IDRIS
1521.jpg,BRRI67
1522.jpg,BD72
1523.jpg,BD95
1524.jpg,BINADHAN16
1525.jpg,KARACADAG
1526.jpg,BR22
1527.png,ALA_IDRIS
1528.jpg,BUZGULU
1529.png,ARBORIO
1530.jpg,DIMNIT
1531.jpg,BUZGULU
1532.png,NAZLI
1533.png,KIRMIZI
1534.jpg,DIMNIT
1535.jpg,SIIRT
1536.jpg,BUZGULU
1537.jpg,BD95
1538.jpg,BR22
1539.jpg,AK
1540.jpg,ARBORIO
1541.jpg,BINADHAN25
1542.png,BD30
1543.jpg,BR22
1544.jpg,BD72
1545.jpg,DIMNIT
1546.jpg,BINADHAN7
1547.jpg,KIRMIZI
1548.jpg,BR22
1549.jpg,BASMATI
1550.jpg,DIMNIT
1551.jpg,KIRMIZI
1552.jpg,SIIRT
1553.jpg,BASMATI
1554.png,DIMNIT
1555.jpg,KARACADAG
1556.jpg,BD72
1557.jpg,BRRI67
1558.jpg,SIIRT
1559.jpg,BINADHAN25
1560.jpg,JASMINE
1561.png,BUZGULU
1562.jpg,BUZGULU
1563.jpg,ALA_IDRIS
1564.jpg,BINADHAN16
1565.jpg,JASMINE
1566.jpg,ALA_IDRIS
1567.jpg,BINADHAN7
1568.jpg,BINADHAN25
1569.jpg,BASMATI
1570.jpg,KARACADAG
1571.jpg,BINADHAN7
1572.png,BR22
1573.jpg,NAZLI
1574.jpg,BUZGULU
1575.jpg,SIIRT
1576.jpg,BD72
1577.jpg,BUZGULU
1578.jpg,BINADHAN25
1579.jpg,BD95
1580.jpg,ARBORIO
1581.jpg,BD30
1582.jpg,DIMNIT
1583.jpg,BASMATI
1584.jpg,KARACADAG
1585.jpg,KIRMIZI
1586.jpg,BASMATI
1587.jpg,JASMINE
1588.jpg,JASMINE
1589.jpg,KARACADAG
1590.jpg,BUZGULU
1591.jpg,KARACADAG
1592.jpg,KIRMIZI
1593.jpg,BD95
1594.jpg,KIRMIZI
1595.jpg,BINADHAN16
1596.jpg,BUZGULU
1597.jpg,SIIRT
1598.jpg,BUZGULU
1599.jpg,BD72
